user_played, instrument_name, velocity, pitch, start (s), end (s)
False,piano,80,70,0.13333349999999997,0.25944476874999994
True,violin,80,70,0.13333349999999997,2.25944476874999994
True,piano,80,70,2.33333349999999997,2.55944476874999994
True,piano,80,70,5.43333349999999997,10.43333349999999997
True,violin,80,70,5.43333349999999997,10.43333349999999997
True,piano,80,70,10.13333349999999997,10.55944476874999994